Calculation,Tesseract,EasyOCR
Total Duration: ,24.110435009002686,258.6092474460602
Average Duration: ,3.444347858428955,36.94417820658003
Max Duration: ,4.681036710739136,38.84317684173584
Min Duration: ,2.758918046951294,35.00925636291504
