Calculation,Tesseract,EasyOCR
Total Duration: ,25.674829244613647,21.0
Average Duration: ,3.667832749230521,3.5
Max Duration: ,4.10900616645813,6.0
Min Duration: ,3.255328893661499,1.0
